UserId,ExpireDate,Status,TransactionId,CreatedDate,UpdatedDate
28075319,2023-06-25T15:07:00.000Z,2,,2022-12-02T14:30:20.857Z,
48542106,2023-04-23T21:30:00.000Z,2,,2022-12-02T14:30:20.857Z,
79339566,2023-04-07T19:37:00.000Z,2,,2022-12-02T14:30:20.857Z,
93894399,2023-05-19T11:18:00.000Z,2,,2022-12-02T14:30:20.857Z,
99144018,2023-05-08T16:07:49.226Z,2,138846-AgACAgUAAx0CUuHKrgABAh5eZDGRR1V6a9USV_Z-ytdtzMgMQksAAo21MRvlGYhVSXfclESRMjMBAAMCAAN4AAMvBA,2022-12-02T14:30:20.857Z,2023-04-08T16:07:49.227Z
136817688,2025-10-17T20:29:22.000Z,2,,2022-12-02T14:30:20.857Z,
162953862,2023-01-18T05:35:00.000Z,2,,2022-12-02T14:30:20.857Z,
167334079,2023-03-28T12:12:00.000Z,2,,2022-12-02T14:30:20.857Z,
182736658,2023-02-28T22:02:00.000Z,2,,2022-12-02T14:30:20.857Z,
185378632,2023-01-26T12:34:00.000Z,2,,2022-12-02T14:30:20.857Z,
196453244,2023-08-17T10:50:00.000Z,2,,2022-12-02T14:30:20.857Z,
196849722,2023-03-16T16:37:00.000Z,2,,2022-12-02T14:30:20.857Z,
205926645,2023-05-26T17:22:46.343Z,2,138413-BQACAgUAAx0CUuHKrgABAhytZCiCax0ZpRSt1_w5DdOJ9uu88mQAAlgJAAIqe0BVPVoSXxHbRXUvBA,2022-12-02T14:30:20.857Z,
209784631,2023-04-04T01:05:00.000Z,2,,2022-12-02T14:30:20.857Z,
211839371,2023-02-16T12:37:00.000Z,2,,2022-12-02T14:30:20.857Z,
216236362,2023-03-23T19:00:00.000Z,2,,2022-12-02T14:30:20.857Z,
232571442,2023-03-06T23:31:00.000Z,2,,2022-12-02T14:30:20.857Z,
238483084,2023-04-16T22:49:00.000Z,2,,2022-12-02T14:30:20.857Z,
240794945,2023-01-07T00:44:00.000Z,2,,2022-12-02T14:30:20.857Z,
244826975,2023-04-01T14:21:00.000Z,2,,2022-12-02T14:30:20.857Z,
247092751,2023-03-27T15:29:00.000Z,2,,2022-12-02T14:30:20.857Z,
262684574,2023-02-03T19:23:00.000Z,2,,2022-12-02T14:30:20.857Z,
278852134,2023-02-28T15:43:00.000Z,2,,2022-12-02T14:30:20.857Z,
282624981,2023-02-15T13:18:00.000Z,2,,2022-12-02T14:30:20.857Z,
286364901,2023-04-28T07:45:10.280Z,2,138064-AgACAgUAAx0CUuHKrgABAhtQZCKbAgzIgtabyZa9NyyrdWF01HYAAsO0MRtG2RlVHjcNMVdWFAsBAAMCAAN5AAMvBA,2022-12-02T14:30:20.857Z,
286418922,2023-02-26T19:25:00.000Z,2,,2022-12-02T14:30:20.857Z,
289446294,2023-01-03T20:11:00.000Z,2,,2022-12-02T14:30:20.857Z,
295625550,2023-02-26T16:07:00.000Z,2,,2022-12-02T14:30:20.857Z,
300718300,2023-01-09T19:13:00.000Z,2,,2022-12-02T14:30:20.857Z,
300922443,2023-01-03T17:21:00.000Z,2,,2022-12-02T14:30:20.857Z,
306898209,2023-04-28T13:34:00.000Z,2,137999-,2022-12-02T14:30:20.857Z,
307055471,2023-02-05T02:12:00.000Z,2,,2022-12-02T14:30:20.857Z,
310361328,2023-04-20T18:57:00.000Z,2,,2022-12-02T14:30:20.857Z,
311034379,2023-03-01T10:49:00.000Z,2,,2022-12-02T14:30:20.857Z,
315144650,2023-04-06T14:30:00.000Z,2,,2022-12-02T14:30:20.857Z,
325624888,2023-04-19T21:08:00.000Z,2,,2022-12-02T14:30:20.857Z,
334948737,2023-04-19T13:59:00.000Z,2,,2022-12-02T14:30:20.857Z,
336933770,2023-01-05T02:09:00.000Z,2,,2022-12-02T14:30:20.857Z,
342030083,2023-03-14T19:34:00.000Z,2,,2022-12-02T14:30:20.857Z,
351863311,2023-04-19T03:18:00.000Z,2,,2022-12-02T14:30:20.857Z,
358193710,2023-02-04T05:54:00.000Z,2,,2022-12-02T14:30:20.857Z,
360410264,2023-08-09T09:45:00.000Z,2,,2022-12-02T14:30:20.857Z,
367136875,2023-05-06T06:05:00.000Z,2,137889-AgACAgUAAx0CUuHKrgABAhqhZCBWTQZk2x7tNhIrnJyxdUOM1G8AAsu0MRvbfAhV4uLe042HiKsBAAMCAAN5AAMvBA,2022-12-02T14:30:20.857Z,
376471518,2023-03-01T22:53:00.000Z,2,,2022-12-02T14:30:20.857Z,
377308016,2023-03-02T19:44:00.000Z,2,,2022-12-02T14:30:20.857Z,
377802994,2023-01-06T10:20:00.000Z,2,,2022-12-02T14:30:20.857Z,
380188471,2023-03-14T01:55:00.000Z,2,,2022-12-02T14:30:20.857Z,
381245370,2023-03-07T00:38:00.000Z,2,,2022-12-02T14:30:20.857Z,
384786748,2023-01-10T17:01:00.000Z,2,,2022-12-02T14:30:20.857Z,
386609752,2023-05-10T15:02:15.478Z,2,138970-AgACAgUAAx0CUuHKrgABAh7aZDQk9Wp8uFTzbYE2YE-nd0CmpDsAAsu2MRvWkaBVVbitcejRLDIBAAMCAAN4AAMvBA,2022-12-02T14:30:20.857Z,2023-04-10T15:02:15.478Z
388659889,2023-04-12T04:12:00.000Z,2,,2022-12-02T14:30:20.857Z,
392263612,2023-02-02T05:58:00.000Z,2,,2022-12-02T14:30:20.857Z,
393923568,2023-01-04T11:14:00.000Z,2,,2022-12-02T14:30:20.857Z,
397829308,2023-04-20T16:57:00.000Z,2,,2022-12-02T14:30:20.857Z,
409493482,2023-04-17T13:12:00.000Z,2,,2022-12-02T14:30:20.857Z,
409842503,2023-04-10T14:42:00.000Z,2,,2022-12-02T14:30:20.857Z,
413240140,2023-03-07T22:32:00.000Z,2,,2022-12-02T14:30:20.857Z,
415340190,2023-04-03T23:19:00.000Z,2,,2022-12-02T14:30:20.857Z,
430108313,2023-02-26T09:12:00.000Z,2,,2022-12-02T14:30:20.857Z,
460923208,2023-05-06T08:20:48.262Z,2,138649-AgACAgUAAx0CUuHKrgABAh2ZZC6A2D61j7PaPlmVF9Tvd5unU8QAAsizMRvGiHBVusJyHGYkrpkBAAMCAAN5AAMvBA,2022-12-02T14:30:20.857Z,2023-04-06T08:20:48.262Z
465654249,2023-01-22T23:18:00.000Z,2,,2022-12-02T14:30:20.857Z,
468609717,2023-04-04T21:25:00.000Z,2,,2022-12-02T14:30:20.857Z,
470167733,2023-05-25T08:28:00.000Z,2,,2022-12-02T14:30:20.857Z,
471407534,2023-03-05T12:20:00.000Z,2,,2022-12-02T14:30:20.857Z,
480272986,2023-05-05T12:24:56.254Z,2,138600-AgACAgUAAx0CUuHKrgABAh1oZC1olUNBEKEGzq3JOGNB-y-eDHsAAsO4MRtBQXBVj8j3WZV4mpgBAAMCAAN5AAMvBA,2022-12-02T14:30:20.857Z,2023-04-05T12:24:56.254Z
486492751,2023-03-14T01:55:00.000Z,2,,2022-12-02T14:30:20.857Z,
505635247,2023-03-05T15:45:00.000Z,2,,2022-12-02T14:30:20.857Z,
520782578,2023-04-08T22:53:00.000Z,2,,2022-12-02T14:30:20.857Z,
523036644,2023-03-18T18:57:00.000Z,2,,2022-12-02T14:30:20.857Z,
524578304,2023-04-05T15:26:00.000Z,2,,2022-12-02T14:30:20.857Z,
525052768,2023-05-03T08:22:42.670Z,2,138508-AgACAgUAAx0CUuHKrgABAh0MZCqMz5RxYObe4ZFg2GcBHmyBJOsAAga0MRv711BVpsGK0rbX2xsBAAMCAAN4AAMvBA,2022-12-02T14:30:20.857Z,2023-04-03T08:22:42.670Z
528599442,2023-04-08T23:47:00.000Z,2,,2022-12-02T14:30:20.857Z,
530413410,2023-01-14T19:31:00.000Z,2,,2022-12-02T14:30:20.857Z,
552609163,2023-04-30T09:39:55.348Z,2,138169-,2022-12-02T14:30:20.857Z,
555599081,2023-02-03T17:54:00.000Z,2,,2022-12-02T14:30:20.857Z,
559185125,2023-04-26T04:10:48.799Z,2,137979-AgACAgUAAx0CUuHKrgABAhr7ZCE3Ux9T0LmU7ws2TEPtWyQ1tRMAAsu0MRvQdghVV_qHJUroxugBAAMCAAN5AAMvBA,2022-12-02T14:30:20.857Z,
562996201,2023-03-14T01:55:00.000Z,2,,2022-12-02T14:30:20.857Z,
563200168,2023-01-09T15:59:00.000Z,2,,2022-12-02T14:30:20.857Z,
563737940,2023-04-24T14:12:00.000Z,2,,2022-12-02T14:30:20.857Z,
565865779,2023-03-08T12:39:00.000Z,2,,2022-12-02T14:30:20.857Z,
566465103,2023-01-09T00:38:00.000Z,2,,2022-12-02T14:30:20.857Z,
578606477,2023-02-28T19:10:00.000Z,2,,2022-12-02T14:30:20.857Z,
579919141,2023-04-24T14:12:00.000Z,2,,2022-12-02T14:30:20.857Z,
584175618,2023-02-09T18:51:00.000Z,2,,2022-12-02T14:30:20.857Z,
584844790,2023-04-13T08:07:00.000Z,2,,2022-12-02T14:30:20.857Z,
595212052,2023-03-02T23:23:00.000Z,2,,2022-12-02T14:30:20.857Z,
596234330,2023-04-21T13:54:00.000Z,2,,2022-12-02T14:30:20.857Z,
598947230,2023-03-09T15:36:00.000Z,2,,2022-12-02T14:30:20.857Z,
609290099,2023-03-15T19:21:00.000Z,2,,2022-12-02T14:30:20.857Z,
613268081,2023-01-07T01:37:00.000Z,2,,2022-12-02T14:30:20.857Z,
618725839,2023-06-22T23:14:00.000Z,2,,2022-12-02T14:30:20.857Z,
619166120,2023-04-03T10:40:00.000Z,2,,2022-12-02T14:30:20.857Z,
620424976,2023-01-11T11:25:00.000Z,2,,2022-12-02T14:30:20.857Z,
627861607,2023-05-27T13:34:00.000Z,2,,2022-12-02T14:30:20.857Z,
628150899,2023-04-01T18:31:00.000Z,2,,2022-12-02T14:30:20.857Z,
631093907,2023-04-11T23:05:00.000Z,2,,2022-12-02T14:30:20.857Z,
654030334,2023-01-28T21:48:00.000Z,2,,2022-12-02T14:30:20.857Z,
654678791,2023-03-31T15:38:00.000Z,2,,2022-12-02T14:30:20.857Z,
655277172,2023-04-28T03:08:33.286Z,2,138038-AgACAgUAAx0CUuHKrgABAhs2ZCJaLgFwmSn_HQKHUbOJVzn-7rgAAoyyMRvr4hFVsvqBLmAJmlIBAAMCAAN4AAMvBA,2022-12-02T14:30:20.857Z,
656864589,2023-04-30T18:20:31.455Z,2,138178-AgACAgUAAx0CUuHKrgABAhvCZCXS7cPPjRFg9Bm3FbUyUocnOWsAArS3MRvQsjBV8Dr9lu6-R_UBAAMCAAN5AAMvBA,2022-12-02T14:30:20.857Z,
657803972,2023-06-09T05:04:57.113Z,2,138877-AgACAgUAAx0CUuHKrgABAh59ZDJHdrijOrLrAcRDhdMD5eERHYYAAve2MRsIVpFVdszcMZzePnUBAAMCAAN5AAMvBA,2022-12-02T14:30:20.857Z,2023-04-09T05:04:57.113Z
660337932,2023-04-28T09:39:36.707Z,2,138080-AgACAgUAAx0CUuHKrgABAhtgZCK11rqcfyBzemgOvUQtzhSckhUAAje1MRvCzhFVcFojpRdAIbcBAAMCAAN5AAMvBA,2022-12-02T14:30:20.857Z,
662915812,2023-04-11T17:44:00.000Z,2,,2022-12-02T14:30:20.857Z,
663090727,2023-05-14T20:52:00.000Z,2,138869-AgACAgUAAx0CUuHKrgABAh51ZDIg86mc3eQ7wpxHLT3Lo_ELXk8AAoOyMRtA2JhVBd74DmkF0RABAAMCAAN5AAMvBA,2022-12-02T14:30:20.857Z,2023-04-09T02:20:38.937Z
664592468,2023-04-10T14:41:00.000Z,2,,2022-12-02T14:30:20.857Z,
666741465,2023-01-20T19:02:00.000Z,2,,2022-12-02T14:30:20.857Z,
668770729,2023-01-03T10:17:00.000Z,2,,2022-12-02T14:30:20.857Z,
675140722,2023-03-05T21:52:00.000Z,2,,2022-12-02T14:30:20.857Z,
675534554,2023-04-21T23:13:00.000Z,2,,2022-12-02T14:30:20.857Z,
677299702,2023-04-11T14:27:00.000Z,2,,2022-12-02T14:30:20.857Z,
678399889,2023-06-12T15:29:00.000Z,2,,2022-12-02T14:30:20.857Z,
679008122,2023-02-08T19:59:00.000Z,2,,2022-12-02T14:30:20.857Z,
679485180,2023-02-21T23:15:00.000Z,2,,2022-12-02T14:30:20.857Z,
683808632,2023-03-03T13:31:00.000Z,2,,2022-12-02T14:30:20.857Z,
684373831,2023-04-07T22:59:00.000Z,2,,2022-12-02T14:30:20.857Z,
689861721,2023-04-10T17:19:00.000Z,2,,2022-12-02T14:30:20.857Z,
690389782,2023-04-16T18:38:00.000Z,2,,2022-12-02T14:30:20.857Z,
697425878,2023-05-01T20:24:00.000Z,2,,2022-12-02T14:30:20.857Z,
699596167,2023-03-14T15:10:00.000Z,2,,2022-12-02T14:30:20.857Z,
701491671,2023-05-05T16:42:56.133Z,2,138604-AgACAgUAAx0CUuHKrgABAh1sZC2lDRjpUok7h3_O0JOV1oyNHYsAAhK2MRvhNWlVMuI8CJOCM48BAAMCAAN5AAMvBA,2022-12-02T14:30:20.857Z,2023-04-05T16:42:56.134Z
701502213,2023-05-06T06:44:56.617Z,2,138618-AgACAgUAAx0CUuHKrgABAh16ZC5qZpBqeAeTMaaXJGYyWebCAAHUAALOtTEb2nZ5VW83tafa5sU6AQADAgADeQADLwQ,2022-12-02T14:30:20.857Z,2023-04-06T06:44:56.618Z
701824230,2023-03-02T20:53:00.000Z,2,,2022-12-02T14:30:20.857Z,
702724163,2023-03-15T05:00:00.000Z,2,,2022-12-02T14:30:20.857Z,
702819862,2023-03-17T22:35:00.000Z,2,,2022-12-02T14:30:20.857Z,
704934794,2023-01-23T07:22:00.000Z,2,,2022-12-02T14:30:20.857Z,
705453837,2023-04-26T21:31:54.166Z,2,137971-BQACAgUAAx0CUuHKrgABAhrzZCC5xrCeAyrABaZz_X6bewI_dkkAAmoKAAIcUghVtHYhie1QJNwvBA,2022-12-02T14:30:20.857Z,
705698040,2023-04-02T19:34:00.000Z,2,,2022-12-02T14:30:20.857Z,
706976517,2023-03-06T00:28:00.000Z,2,,2022-12-02T14:30:20.857Z,
712669662,2023-02-22T11:46:00.000Z,2,,2022-12-02T14:30:20.857Z,
719347257,2023-01-25T23:59:00.000Z,2,,2022-12-02T14:30:20.857Z,
722305311,2023-04-20T15:18:00.000Z,2,,2022-12-02T14:30:20.857Z,
722947356,2023-02-05T17:06:00.000Z,2,,2022-12-02T14:30:20.857Z,
723612441,2023-02-25T13:51:00.000Z,2,,2022-12-02T14:30:20.857Z,
724855702,2023-04-09T21:27:00.000Z,2,,2022-12-02T14:30:20.857Z,
732399384,2023-04-20T17:02:00.000Z,2,,2022-12-02T14:30:20.857Z,
733022873,2023-02-17T18:14:00.000Z,2,,2022-12-02T14:30:20.857Z,
736551398,2023-03-20T12:46:00.000Z,2,,2022-12-02T14:30:20.857Z,
738995185,2023-01-04T23:49:00.000Z,2,,2022-12-02T14:30:20.857Z,
744303855,2023-01-06T16:50:00.000Z,2,,2022-12-02T14:30:20.857Z,
744875959,2023-01-30T05:34:00.000Z,2,,2022-12-02T14:30:20.857Z,
752101690,2023-03-08T01:10:00.000Z,2,,2022-12-02T14:30:20.857Z,
752780429,2023-05-31T07:58:09.604Z,2,138209-AgACAgUAAx0CUuHKrgABAhvhZCaSj1ZmTfPvpx0i7xLoyoWm-9kAAkG2MRtsfDBVsmDlE3Hd77EBAAMCAAN5AAMvBA,2022-12-02T14:30:20.857Z,
755401557,2023-04-29T04:21:54.554Z,2,138101-AgACAgUAAx0CUuHKrgABAht1ZCO84ORW9sJN6Q5uBS_gFjWvk4EAAqi0MRuOeiBVm6ciUA1ZTBQBAAMCAAN5AAMvBA,2022-12-02T14:30:20.857Z,
761911322,2023-01-12T14:54:00.000Z,2,,2022-12-02T14:30:20.857Z,
766670293,2023-01-22T14:02:00.000Z,2,,2022-12-02T14:30:20.857Z,
768802906,2023-04-16T17:52:00.000Z,2,,2022-12-02T14:30:20.857Z,
773846199,2023-04-21T13:54:00.000Z,2,,2022-12-02T14:30:20.857Z,
780962849,2023-04-16T06:16:00.000Z,2,,2022-12-02T14:30:20.857Z,
782161256,2023-04-01T20:24:00.000Z,2,,2022-12-02T14:30:20.857Z,
782559505,2023-05-18T17:19:00.000Z,2,,2022-12-02T14:30:20.857Z,
787789313,2023-02-27T00:28:00.000Z,2,,2022-12-02T14:30:20.857Z,
791205578,2023-01-16T13:42:00.000Z,2,,2022-12-02T14:30:20.857Z,
791698264,2023-03-07T15:16:00.000Z,2,,2022-12-02T14:30:20.857Z,
793423977,2023-02-04T19:57:00.000Z,2,,2022-12-02T14:30:20.857Z,
795377498,2023-04-16T06:44:00.000Z,2,,2022-12-02T14:30:20.857Z,
799865191,2023-01-04T08:41:00.000Z,2,,2022-12-02T14:30:20.857Z,
805690718,2023-05-09T12:52:00.000Z,2,,2022-12-02T14:30:20.857Z,
807877395,2023-05-09T10:24:14.032Z,2,138888-AgACAgUAAx0CUuHKrgABAh6IZDKSSXUhN_LaoJ9l7HKHw8YusI4AAlO2MRu74plVcjqGFBmPgKABAAMCAAN5AAMvBA,2022-12-02T14:30:20.857Z,2023-04-09T10:24:14.033Z
811913313,2023-04-27T04:10:25.788Z,2,137981-AgACAgUAAx0CUuHKrgABAhr9ZCEXLVy7q55SJ-oetpNLFYIUOqUAArO1MRvRhAlVzB2uYXBGUtsBAAMCAAN5AAMvBA,2022-12-02T14:30:20.857Z,
812276823,2023-03-25T06:49:00.000Z,2,,2022-12-02T14:30:20.857Z,
812408394,2023-02-13T12:11:00.000Z,2,,2022-12-02T14:30:20.857Z,
815108463,2023-09-07T19:55:00.000Z,2,,2022-12-02T14:30:20.857Z,
815623902,2023-03-27T13:34:00.000Z,2,,2022-12-02T14:30:20.857Z,
820947002,2023-01-08T19:21:00.000Z,2,,2022-12-02T14:30:20.857Z,
821944658,2023-04-30T17:39:04.034Z,2,138215-AgACAgUAAx0CUuHKrgABAhvnZCcatscLdD-glqGPP5tNNLviOLQAAnm0MRsrqDhVTM_grqL2h4cBAAMCAAN5AAMvBA,2022-12-02T14:30:20.857Z,
824135889,2023-04-23T21:57:00.000Z,2,,2022-12-02T14:30:20.857Z,
824218142,2023-02-25T02:31:00.000Z,2,,2022-12-02T14:30:20.857Z,
826521567,2023-05-31T15:45:00.000Z,2,,2022-12-02T14:30:20.857Z,
826909798,2023-01-26T14:12:00.000Z,2,,2022-12-02T14:30:20.857Z,
829291518,2023-04-18T21:00:00.000Z,2,,2022-12-02T14:30:20.857Z,
829520049,2023-03-03T20:23:00.000Z,2,,2022-12-02T14:30:20.857Z,
830241686,2023-02-06T18:09:00.000Z,2,,2022-12-02T14:30:20.857Z,
837411547,2023-01-04T00:25:00.000Z,2,,2022-12-02T14:30:20.857Z,
838707760,2023-02-20T17:06:00.000Z,2,,2022-12-02T14:30:20.857Z,
839883882,2023-04-13T07:09:00.000Z,2,,2022-12-02T14:30:20.857Z,
845092616,2023-02-13T05:24:00.000Z,2,,2022-12-02T14:30:20.857Z,
846665829,2023-04-22T14:46:00.000Z,2,,2022-12-02T14:30:20.857Z,
847100283,2023-04-01T20:24:00.000Z,2,,2022-12-02T14:30:20.857Z,
855234131,2023-04-14T10:49:00.000Z,2,,2022-12-02T14:30:20.857Z,
857562181,2023-02-17T19:33:00.000Z,2,,2022-12-02T14:30:20.857Z,
858182877,2023-06-17T16:43:00.000Z,2,,2022-12-02T14:30:20.857Z,
859202349,2023-03-04T15:45:00.000Z,2,,2022-12-02T14:30:20.857Z,
865642503,2023-05-07T21:26:08.116Z,2,138784-AgACAgUAAx0CUuHKrgABAh4gZDCKbHilCt_6FAGucq_B_R3Cnx4AAmayMRvZlIlVwtizAb4RNZcBAAMCAAN5AAMvBA,2022-12-02T14:30:20.857Z,2023-04-07T21:26:08.117Z
867870320,2023-04-05T13:43:00.000Z,2,,2022-12-02T14:30:20.857Z,
868329267,2023-01-05T14:47:00.000Z,2,,2022-12-02T14:30:20.857Z,
869024786,2023-01-11T10:37:00.000Z,2,,2022-12-02T14:30:20.857Z,
871646972,2023-04-14T10:06:00.000Z,2,,2022-12-02T14:30:20.857Z,
876102078,2023-01-19T03:27:00.000Z,2,,2022-12-02T14:30:20.857Z,
880516027,2023-01-04T20:52:00.000Z,2,,2022-12-02T14:30:20.857Z,
881404023,2023-02-11T03:41:00.000Z,2,,2022-12-02T14:30:20.857Z,
883390989,2023-02-12T12:53:00.000Z,2,,2022-12-02T14:30:20.857Z,
884146454,2023-05-18T02:52:00.000Z,2,138974-AgACAgUAAx0CUuHKrgABAh7eZDQry3YLpJSl2F04OOyL_m9JcSwAAqS0MRv1QahVDyrC5S_BpjwBAAMCAAN5AAMvBA,2022-12-02T14:30:20.857Z,2023-04-10T15:31:27.059Z
884927892,2023-01-26T00:02:00.000Z,2,,2022-12-02T14:30:20.857Z,
891601110,2023-04-17T06:41:00.000Z,2,,2022-12-02T14:30:20.857Z,
900356933,2023-04-19T11:18:00.000Z,2,,2022-12-02T14:30:20.857Z,
900461821,2023-04-11T14:39:00.000Z,2,,2022-12-02T14:30:20.857Z,
909401151,2023-02-24T01:22:00.000Z,2,,2022-12-02T14:30:20.857Z,
910278581,2023-01-18T16:56:00.000Z,2,,2022-12-02T14:30:20.857Z,
910662910,2023-05-10T07:53:51.025Z,2,138941-AgACAgUAAx0CUuHKrgABAh69ZDPAicJu4MPvlCmyi3qSfc2XUrsAAsazMRuLHaBVqctRaAOYjdYBAAMCAAN4AAMvBA,2022-12-02T14:30:20.857Z,2023-04-10T07:53:51.025Z
910925615,2023-04-02T00:59:00.000Z,2,,2022-12-02T14:30:20.857Z,
913016258,2023-02-27T12:39:00.000Z,2,,2022-12-02T14:30:20.857Z,
914796237,2023-03-20T05:19:00.000Z,2,,2022-12-02T14:30:20.857Z,
919614384,2023-01-04T23:22:00.000Z,2,,2022-12-02T14:30:20.857Z,
922123541,2023-05-07T21:31:01.789Z,2,138788-AgACAgUAAx0CUuHKrgABAh4kZDCLkpaapsEe9wL94SCSkpv_c14AAiy2MRt0SYBVJRxAyItNA0IBAAMCAAN5AAMvBA,2022-12-02T14:30:20.857Z,2023-04-07T21:31:01.790Z
923321190,2023-04-03T09:08:00.000Z,2,,2022-12-02T14:30:20.857Z,
923715226,2023-01-28T03:29:00.000Z,2,,2022-12-02T14:30:20.857Z,
924639039,2023-01-07T18:53:00.000Z,2,,2022-12-02T14:30:20.857Z,
928514795,2024-12-29T07:26:00.000Z,2,,2022-12-02T14:30:20.857Z,
928575376,2024-04-22T14:04:00.000Z,2,,2022-12-02T14:30:20.857Z,
929000867,2023-01-23T18:50:00.000Z,2,,2022-12-02T14:30:20.857Z,
930091832,2023-02-15T01:09:00.000Z,2,,2022-12-02T14:30:20.857Z,
931703488,2023-02-15T13:19:00.000Z,2,,2022-12-02T14:30:20.857Z,
932055251,2023-03-14T21:58:00.000Z,2,,2022-12-02T14:30:20.857Z,
933150244,2023-03-23T13:48:00.000Z,2,,2022-12-02T14:30:20.857Z,
936591565,2023-04-13T20:31:00.000Z,2,,2022-12-02T14:30:20.857Z,
938669699,2023-04-29T06:07:57.746Z,2,138109-AgACAgUAAx0CUuHKrgABAht9ZCPVunoZF8lMCLUyDM-tBAR52NAAAjq1MRuDsyFV2NIJ-Yy0U_sBAAMCAAN5AAMvBA,2022-12-02T14:30:20.857Z,
939632302,2023-04-25T17:57:00.000Z,2,,2022-12-02T14:30:20.857Z,
941661743,2023-01-19T21:27:00.000Z,2,,2022-12-02T14:30:20.857Z,
944391868,2023-04-07T19:39:00.000Z,2,,2022-12-02T14:30:20.857Z,
945673561,2023-02-01T22:25:00.000Z,2,,2022-12-02T14:30:20.857Z,
947968906,2023-01-24T02:31:00.000Z,2,,2022-12-02T14:30:20.857Z,
948891138,2023-05-16T05:47:00.000Z,2,,2022-12-02T14:30:20.857Z,
949268441,2023-01-07T19:49:00.000Z,2,,2022-12-02T14:30:20.857Z,
952179924,2023-04-19T20:14:00.000Z,2,,2022-12-02T14:30:20.857Z,
952578757,2023-05-08T11:14:48.731Z,2,138816-AgACAgUAAx0CUuHKrgABAh5AZDFMploeY4HGAXmq_0Kpnu0BAv8AAp60MRvpFIhVrM0rnevuw14BAAMCAAN5AAMvBA,2022-12-02T14:30:20.857Z,2023-04-08T11:14:48.732Z
952735084,2023-02-10T18:00:00.000Z,2,,2022-12-02T14:30:20.857Z,
953400078,2023-04-27T04:09:38.910Z,2,137985-AgACAgUAAx0CUuHKrgABAhsBZCEWvD4qjJUSES0d7ZXKvrIGb-wAAqC6MRsgCglVAAGK11_Hpk_SAQADAgADdwADLwQ,2022-12-02T14:30:20.857Z,
956404068,2023-01-24T14:00:00.000Z,2,,2022-12-02T14:30:20.857Z,
956470097,2023-03-11T18:04:00.000Z,2,,2022-12-02T14:30:20.857Z,
959997200,2023-04-23T00:20:00.000Z,2,,2022-12-02T14:30:20.857Z,
962292886,2023-03-01T20:09:00.000Z,2,,2022-12-02T14:30:20.857Z,
966699913,2023-04-18T16:05:00.000Z,2,,2022-12-02T14:30:20.857Z,
973873524,2023-02-17T19:30:00.000Z,2,,2022-12-02T14:30:20.857Z,
978956111,2023-04-23T12:51:00.000Z,2,,2022-12-02T14:30:20.857Z,
981443518,2023-03-31T03:56:00.000Z,2,,2022-12-02T14:30:20.857Z,
987536965,2023-04-05T02:04:00.000Z,2,,2022-12-02T14:30:20.857Z,
988091986,2023-02-11T03:41:00.000Z,2,,2022-12-02T14:30:20.857Z,
989711619,2023-04-02T22:31:00.000Z,2,,2022-12-02T14:30:20.857Z,
995192226,2023-01-14T08:08:00.000Z,2,,2022-12-02T14:30:20.857Z,
995224031,2024-01-09T17:08:00.000Z,2,,2022-12-02T14:30:20.857Z,
997308982,2023-01-16T15:06:00.000Z,2,,2022-12-02T14:30:20.857Z,
998736583,2023-02-22T23:13:00.000Z,2,,2022-12-02T14:30:20.857Z,
1003607819,2023-04-23T21:54:00.000Z,2,,2022-12-02T14:30:20.857Z,
1005043957,2023-05-04T17:13:21.907Z,2,138567-AgACAgUAAx0CUuHKrgABAh1HZCxara0JyuIJn9VcKpfuOVvppxgAAsC2MRsnZWBVjB6XIBeWk14BAAMCAAN5AAMvBA,2022-12-02T14:30:20.857Z,2023-04-04T17:13:21.907Z
1005082147,2023-05-20T15:20:00.000Z,2,,2022-12-02T14:30:20.857Z,
1008979689,2023-04-12T15:20:00.000Z,2,,2022-12-02T14:30:20.857Z,
1009081461,2023-03-01T17:24:00.000Z,2,,2022-12-02T14:30:20.857Z,
1013527885,2023-04-08T20:04:00.000Z,2,,2022-12-02T14:30:20.857Z,
1019841956,2023-03-02T21:17:00.000Z,2,,2022-12-02T14:30:20.857Z,
1025175388,2023-05-02T01:36:00.000Z,2,,2022-12-02T14:30:20.857Z,
1029333466,2023-04-04T16:05:00.000Z,2,,2022-12-02T14:30:20.857Z,
1030569462,2023-02-22T11:46:00.000Z,2,,2022-12-02T14:30:20.857Z,
1031485727,2023-03-08T17:23:00.000Z,2,,2022-12-02T14:30:20.857Z,
1045481100,2023-05-05T08:58:00.633Z,2,138584-AgACAgUAAx0CUuHKrgABAh1YZC016liKkQ2B2rXdg2lpWEY4BG4AAsO1MRuv3mhVQQXoDZMoH7sBAAMCAAN5AAMvBA,2022-12-02T14:30:20.857Z,2023-04-05T08:58:00.633Z
1048725747,2023-04-03T12:19:00.000Z,2,,2022-12-02T14:30:20.857Z,
1048889131,2023-03-21T20:21:00.000Z,2,,2022-12-02T14:30:20.857Z,
1053243609,2023-04-05T21:46:00.000Z,2,,2022-12-02T14:30:20.857Z,
1054910750,2023-02-11T23:21:00.000Z,2,,2022-12-02T14:30:20.857Z,
1055584392,2023-03-02T13:33:00.000Z,2,,2022-12-02T14:30:20.857Z,
1056910942,2023-04-23T12:51:00.000Z,2,,2022-12-02T14:30:20.857Z,
1063408183,2023-03-11T17:43:00.000Z,2,,2022-12-02T14:30:20.857Z,
1067366405,2023-01-13T19:12:00.000Z,2,,2022-12-02T14:30:20.857Z,
1071134350,2023-02-24T05:34:00.000Z,2,,2022-12-02T14:30:20.857Z,
1071204078,2023-04-27T14:25:09.258Z,2,138032-AgACAgUAAx0CUuHKrgABAhswZCGnQXDJyZl_wfI3YTVwiMpriaMAAoazMRv-nBBVxFfzQBunb6YBAAMCAAN5AAMvBA,2022-12-02T14:30:20.857Z,
1071333244,2023-04-24T15:59:00.000Z,2,,2022-12-02T14:30:20.857Z,
1071483786,2023-04-13T20:31:00.000Z,2,,2022-12-02T14:30:20.857Z,
1075908642,2023-05-01T19:14:20.341Z,2,138415-AgACAgUAAx0CUuHKrgABAhyvZCiCisxCvvp_qffstRqI2NvogzkAAvm2MRsqe0BVViMTFVJZh0cBAAMCAAN4AAMvBA,2022-12-02T14:30:20.857Z,
1076200973,2023-01-04T18:02:00.000Z,2,,2022-12-02T14:30:20.857Z,
1076801419,2023-01-12T14:54:00.000Z,2,,2022-12-02T14:30:20.857Z,
1076968088,2023-03-28T16:27:00.000Z,2,,2022-12-02T14:30:20.857Z,
1082707363,2023-03-23T00:14:00.000Z,2,,2022-12-02T14:30:20.857Z,
1084477982,2029-06-18T11:43:00.000Z,2,,2022-12-02T14:30:20.857Z,
1085289643,2023-04-01T20:24:00.000Z,2,,2022-12-02T14:30:20.857Z,
1086385407,2023-03-05T10:58:00.000Z,2,,2022-12-02T14:30:20.857Z,
1093099283,2023-04-21T15:18:00.000Z,2,,2022-12-02T14:30:20.857Z,
1094856189,2023-01-13T13:08:00.000Z,2,,2022-12-02T14:30:20.857Z,
1095347126,2023-05-16T19:46:00.000Z,2,,2022-12-02T14:30:20.857Z,
1095631743,2023-05-11T13:23:00.000Z,2,,2022-12-02T14:30:20.857Z,
1100190170,2023-01-04T05:40:00.000Z,2,,2022-12-02T14:30:20.857Z,
1101727149,2023-04-08T06:52:00.000Z,2,,2022-12-02T14:30:20.857Z,
1102409607,2023-02-25T01:17:00.000Z,2,,2022-12-02T14:30:20.857Z,
1107470168,2023-04-06T06:42:00.000Z,2,,2022-12-02T14:30:20.857Z,
1107590299,2023-04-10T14:56:00.000Z,2,,2022-12-02T14:30:20.857Z,
1109076065,2023-06-08T20:56:19.060Z,2,138854-AgACAgUAAx0CUuHKrgABAh5mZDHU8Mru2l9iaQ0ZVoEIrtvLV2YAAiG2MRsb1JFVYJJnURchFgMBAAMCAAN5AAMvBA,2022-12-02T14:30:20.857Z,2023-04-08T20:56:19.061Z
1111181450,2023-02-15T14:10:00.000Z,2,,2022-12-02T14:30:20.857Z,
1111530982,2023-01-15T21:41:00.000Z,2,,2022-12-02T14:30:20.857Z,
1111875503,2023-05-06T06:43:12.936Z,2,138612-AgACAgUAAx0CUuHKrgABAh10ZC5p8TGsy5cvgnbxG2t_zyUyXtgAAlu1MRtg2HhV01RTjWGQ0CIBAAMCAAN5AAMvBA,2022-12-02T14:30:20.857Z,2023-04-06T06:43:12.936Z
1115463317,2023-07-03T07:55:54.205Z,2,138478-AgACAgUAAx0CUuHKrgABAhzuZCqGh9bF02gT29iVcumOGOlqQVgAAsuyMRtV8VBVlwc10aNaEFoBAAMCAAN4AAMvBA,2022-12-02T14:30:20.857Z,2023-04-03T07:55:54.205Z
1115766177,2023-04-21T13:54:00.000Z,2,,2022-12-02T14:30:20.857Z,
1116270322,2023-01-08T21:22:00.000Z,2,,2022-12-02T14:30:20.857Z,
1119029518,2023-04-10T17:20:00.000Z,2,,2022-12-02T14:30:20.857Z,
1119106196,2023-03-19T06:50:00.000Z,2,,2022-12-02T14:30:20.857Z,
1120252291,2023-01-04T09:30:00.000Z,2,,2022-12-02T14:30:20.857Z,
1129812958,2023-01-09T18:00:00.000Z,2,,2022-12-02T14:30:20.857Z,
1130666190,2023-04-12T17:54:00.000Z,2,,2022-12-02T14:30:20.857Z,
1131813852,2023-07-14T15:31:00.000Z,2,,2022-12-02T14:30:20.857Z,
1134659803,2023-05-09T22:21:36.548Z,2,138912-AgACAgUAAx0CUuHKrgABAh6gZDM6bv05WgEPJG6AM5L1NC0l3ecAAne0MRt_EJlVUGqiRJTkn2kBAAMCAAN5AAMvBA,2022-12-02T14:30:20.857Z,2023-04-09T22:21:36.549Z
1137099149,2023-01-28T14:18:00.000Z,2,,2022-12-02T14:30:20.857Z,
1149294452,2023-07-08T21:01:00.000Z,2,,2022-12-02T14:30:20.857Z,
1149791797,2023-02-21T11:17:00.000Z,2,,2022-12-02T14:30:20.857Z,
1153397570,2023-05-07T20:50:58.022Z,2,138776-AgACAgUAAx0CUuHKrgABAh4YZDCCLuVfSpCrVl3n58z5GwABGeoMAAJ3tzEbxOyBVZ24-KSjS-qgAQADAgADdwADLwQ,2022-12-02T14:30:20.857Z,2023-04-07T20:50:58.022Z
1157232839,2023-01-15T18:33:00.000Z,2,,2022-12-02T14:30:20.857Z,
1159430890,2023-04-25T20:17:00.000Z,2,,2022-12-02T14:30:20.857Z,
1163287140,2023-04-18T16:24:00.000Z,2,,2022-12-02T14:30:20.857Z,
1163790881,2023-05-01T19:04:45.963Z,2,138407-,2022-12-02T14:30:20.857Z,
1164267869,2023-04-04T00:22:00.000Z,2,,2022-12-02T14:30:20.857Z,
1166080069,2023-05-04T11:57:00.000Z,2,,2022-12-02T14:30:20.857Z,
1173130531,2023-03-09T14:11:00.000Z,2,,2022-12-02T14:30:20.857Z,
1177995112,2023-01-24T01:22:00.000Z,2,,2022-12-02T14:30:20.857Z,
1180551229,2023-01-05T19:37:00.000Z,2,,2022-12-02T14:30:20.857Z,
1180740729,2023-01-27T15:38:00.000Z,2,,2022-12-02T14:30:20.857Z,
1182023234,2023-03-20T18:02:00.000Z,2,,2022-12-02T14:30:20.857Z,
1185191295,2023-04-24T01:43:00.000Z,2,,2022-12-02T14:30:20.857Z,
1186952683,2023-03-25T04:23:00.000Z,2,,2022-12-02T14:30:20.857Z,
1190317162,2023-01-09T12:40:00.000Z,2,,2022-12-02T14:30:20.857Z,
1190464882,2023-03-25T19:25:00.000Z,2,,2022-12-02T14:30:20.857Z,
1191553229,2023-01-21T14:10:00.000Z,2,,2022-12-02T14:30:20.857Z,
1195985755,2023-04-25T13:47:00.000Z,2,,2022-12-02T14:30:20.857Z,
1203596037,2023-03-26T15:31:00.000Z,2,,2022-12-02T14:30:20.857Z,
1204338782,2023-02-10T16:05:00.000Z,2,,2022-12-02T14:30:20.857Z,
1204884390,2023-04-07T14:43:00.000Z,2,,2022-12-02T14:30:20.857Z,
1205354608,2023-02-20T16:18:00.000Z,2,,2022-12-02T14:30:20.857Z,
1206925954,2023-03-31T17:47:00.000Z,2,,2022-12-02T14:30:20.857Z,
1207698289,2023-04-08T14:34:00.000Z,2,,2022-12-02T14:30:20.857Z,
1208259249,2023-03-27T17:23:00.000Z,2,,2022-12-02T14:30:20.857Z,
1208528480,2023-01-09T17:01:00.000Z,2,,2022-12-02T14:30:20.857Z,
1208999409,2023-05-10T15:00:04.261Z,2,138966-AgACAgUAAx0CUuHKrgABAh7WZDQkcfwS_3qbLJfGYyU895NejdUAAge1MRtA_aFVRsnOV-fBHtIBAAMCAAN5AAMvBA,2022-12-02T14:30:20.857Z,2023-04-10T15:00:04.261Z
1213526438,2023-04-11T18:03:00.000Z,2,,2022-12-02T14:30:20.857Z,
1218176601,2023-03-13T17:34:00.000Z,2,,2022-12-02T14:30:20.857Z,
1220640889,2023-02-11T05:34:00.000Z,2,,2022-12-02T14:30:20.857Z,
1220904050,2023-03-09T19:32:00.000Z,2,,2022-12-02T14:30:20.857Z,
1221384885,2023-02-11T13:18:00.000Z,2,,2022-12-02T14:30:20.857Z,
1223849616,2023-03-13T19:19:00.000Z,2,,2022-12-02T14:30:20.857Z,
1226678039,2023-04-20T15:19:00.000Z,2,,2022-12-02T14:30:20.857Z,
1229690315,2023-04-17T13:12:00.000Z,2,,2022-12-02T14:30:20.857Z,
1231287306,2023-01-22T19:00:00.000Z,2,,2022-12-02T14:30:20.857Z,
1236116390,2023-04-11T13:24:00.000Z,2,,2022-12-02T14:30:20.857Z,
1239547780,2023-01-04T06:58:00.000Z,2,,2022-12-02T14:30:20.857Z,
1241264170,2023-01-06T05:49:00.000Z,2,,2022-12-02T14:30:20.857Z,
1245219189,2023-03-19T19:27:00.000Z,2,,2022-12-02T14:30:20.857Z,
1247148171,2023-01-02T00:29:00.000Z,2,,2022-12-02T14:30:20.857Z,
1248121082,2023-04-18T13:45:00.000Z,2,,2022-12-02T14:30:20.857Z,
1252117302,2023-02-07T12:51:00.000Z,2,,2022-12-02T14:30:20.857Z,
1254847773,2023-04-07T19:20:00.000Z,2,,2022-12-02T14:30:20.857Z,
1256428274,2023-05-16T21:10:00.000Z,2,,2022-12-02T14:30:20.857Z,
1260631367,2023-03-22T12:54:00.000Z,2,,2022-12-02T14:30:20.857Z,
1261097806,2023-05-02T22:09:29.471Z,2,138464-AgACAgUAAx0CUuHKrgABAhzgZCn9F2KNr57j1YZtATd3PWhaN8QAAuuzMRvJeVFVFjpZmhZARAsBAAMCAAN5AAMvBA,2022-12-02T14:30:20.857Z,2023-04-02T22:09:29.471Z
1262956149,2023-01-24T22:53:00.000Z,2,,2022-12-02T14:30:20.857Z,
1265016630,2023-02-03T17:12:00.000Z,2,,2022-12-02T14:30:20.857Z,
1268999272,2023-05-01T14:21:00.000Z,2,138184-AgACAgUAAx0CUuHKrgABAhvIZCYk3aXyIOuo4bBo0r4vb6WBi6YAApm0MRuMOzBVDylzEClfh4IBAAMCAAN5AAMvBA,2022-12-02T14:30:20.857Z,
1269775053,2023-04-21T18:59:00.000Z,2,,2022-12-02T14:30:20.857Z,
1271488410,2023-03-11T21:39:00.000Z,2,,2022-12-02T14:30:20.857Z,
1272952416,2023-01-14T23:37:00.000Z,2,,2022-12-02T14:30:20.857Z,
1273021721,2023-04-19T11:20:00.000Z,2,,2022-12-02T14:30:20.857Z,
1273854515,2023-06-05T10:57:00.000Z,2,138452-,2022-12-02T14:30:20.857Z,2023-04-02T15:58:25.282Z
1276694380,2023-01-10T14:13:00.000Z,2,,2022-12-02T14:30:20.857Z,
1277047117,2023-04-01T14:21:00.000Z,2,,2022-12-02T14:30:20.857Z,
1277474663,2023-03-02T20:36:00.000Z,2,,2022-12-02T14:30:20.857Z,
1280767331,2023-02-12T18:45:00.000Z,2,,2022-12-02T14:30:20.857Z,
1294764806,2023-04-12T15:28:00.000Z,2,,2022-12-02T14:30:20.857Z,
1295526602,2023-07-17T15:30:00.000Z,2,,2022-12-02T14:30:20.857Z,
1295760183,2023-02-23T06:22:00.000Z,2,,2022-12-02T14:30:20.857Z,
1300826397,2023-03-02T20:49:00.000Z,2,,2022-12-02T14:30:20.857Z,
1302520324,2023-03-02T13:32:00.000Z,2,,2022-12-02T14:30:20.857Z,
1302689610,2023-01-10T02:04:00.000Z,2,,2022-12-02T14:30:20.857Z,
1304236512,2023-01-05T23:23:00.000Z,2,,2022-12-02T14:30:20.857Z,
1307386393,2023-05-11T17:41:00.000Z,2,,2022-12-02T14:30:20.857Z,
1310430134,2023-01-15T21:41:00.000Z,2,,2022-12-02T14:30:20.857Z,
1312061295,2023-03-02T00:26:00.000Z,2,,2022-12-02T14:30:20.857Z,
1317303069,2023-04-29T21:06:51.219Z,2,138134-AgACAgUAAx0CUuHKrgABAhuWZCSoaDZV69r3bG2f7kR7zDNOTXgAAme3MRtFiChVAotFgOS-0s4BAAMCAAN5AAMvBA,2022-12-02T14:30:20.857Z,
1320051192,2023-05-04T22:44:00.000Z,2,,2022-12-02T14:30:20.857Z,
1321943407,2023-01-13T13:08:00.000Z,2,,2022-12-02T14:30:20.857Z,
1336897245,2023-05-01T17:36:36.472Z,2,138382-,2022-12-02T14:30:20.857Z,
1339982358,2023-02-18T08:23:00.000Z,2,,2022-12-02T14:30:20.857Z,
1345653657,2023-04-29T04:21:32.955Z,2,138099-AgACAgUAAx0CUuHKrgABAhtzZCO8yQphUCqG8mij1CjNfxwsdT8AAvuzMRvw1iBVIXaYOrpBBS8BAAMCAAN5AAMvBA,2022-12-02T14:30:20.857Z,
1358577561,2023-01-03T13:18:00.000Z,2,,2022-12-02T14:30:20.857Z,
1367978408,2023-05-01T02:44:00.000Z,2,,2022-12-02T14:30:20.857Z,
1372255206,2023-01-03T11:32:00.000Z,2,,2022-12-02T14:30:20.857Z,
1381166691,2023-02-23T15:22:00.000Z,2,,2022-12-02T14:30:20.857Z,
1389718902,2023-01-08T11:58:00.000Z,2,,2022-12-02T14:30:20.857Z,
1390097679,2023-04-24T05:27:00.000Z,2,,2022-12-02T14:30:20.857Z,
1393939553,2023-02-28T15:42:00.000Z,2,,2022-12-02T14:30:20.857Z,
1396366208,2023-03-11T10:24:00.000Z,2,,2022-12-02T14:30:20.857Z,
1407701482,2023-05-18T13:45:00.000Z,2,,2022-12-02T14:30:20.857Z,
1411163098,2023-04-19T11:19:00.000Z,2,,2022-12-02T14:30:20.857Z,
1418224800,2023-03-06T21:49:00.000Z,2,,2022-12-02T14:30:20.857Z,
1418420760,2023-05-10T07:46:45.235Z,2,138932-AgACAgUAAx0CUuHKrgABAh60ZDO-40dAG1hjPB3NQp7Opx8iq0wAAgq2MRvBRplVHt19mZC92iEBAAMCAAN4AAMvBA,2022-12-02T14:30:20.857Z,2023-04-10T07:46:45.235Z
1428211692,2023-04-17T20:45:00.000Z,2,,2022-12-02T14:30:20.857Z,
1432278543,2023-04-03T22:11:00.000Z,2,,2022-12-02T14:30:20.857Z,
1433099933,2023-04-26T17:36:46.287Z,2,137947-,2022-12-02T14:30:20.857Z,
1433951518,2023-01-12T14:54:00.000Z,2,,2022-12-02T14:30:20.857Z,
1443053231,2023-03-22T01:19:00.000Z,2,,2022-12-02T14:30:20.857Z,
1446733140,2023-04-06T15:13:00.000Z,2,,2022-12-02T14:30:20.857Z,
1454364227,2023-01-22T00:33:00.000Z,2,,2022-12-02T14:30:20.857Z,
1456888864,2023-03-26T15:31:00.000Z,2,,2022-12-02T14:30:20.857Z,
1464339090,2023-01-11T19:37:00.000Z,2,,2022-12-02T14:30:20.857Z,
1465079256,2023-02-01T23:25:00.000Z,2,,2022-12-02T14:30:20.857Z,
1470858253,2023-01-16T10:18:00.000Z,2,,2022-12-02T14:30:20.857Z,
1478296331,2023-01-10T18:59:00.000Z,2,,2022-12-02T14:30:20.857Z,
1487983125,2023-05-05T12:34:00.000Z,2,,2022-12-02T14:30:20.857Z,
1489078015,2023-02-06T01:01:00.000Z,2,,2022-12-02T14:30:20.857Z,
1489722460,2023-03-11T17:43:00.000Z,2,,2022-12-02T14:30:20.857Z,
1491249764,2023-05-07T10:22:04.090Z,2,138730-BQACAgUAAx0CUuHKrgABAh3qZC_uybsJJIjG95I05j27YmHBaYsAAiUJAAKL2YBVGUOSmGh92_kvBA,2022-12-02T14:30:20.857Z,2023-04-07T10:22:04.091Z
1491595236,2023-03-20T12:46:00.000Z,2,,2022-12-02T14:30:20.857Z,
1505832792,2023-03-24T18:41:00.000Z,2,,2022-12-02T14:30:20.857Z,
1514751225,2023-04-14T22:30:00.000Z,2,,2022-12-02T14:30:20.857Z,
1516362575,2023-01-23T05:33:00.000Z,2,,2022-12-02T14:30:20.857Z,
1534989486,2023-02-11T03:41:00.000Z,2,,2022-12-02T14:30:20.857Z,
1569644047,2023-04-15T21:08:00.000Z,2,,2022-12-02T14:30:20.857Z,
1609432896,2023-03-02T16:24:00.000Z,2,,2022-12-02T14:30:20.857Z,
1618791651,2023-04-05T13:43:00.000Z,2,,2022-12-02T14:30:20.857Z,
1625246437,2023-01-10T14:13:00.000Z,2,,2022-12-02T14:30:20.857Z,
1626495849,2023-03-03T19:51:00.000Z,2,,2022-12-02T14:30:20.857Z,
1632840579,2023-05-13T14:34:00.000Z,2,138616-AgACAgUAAx0CUuHKrgABAh14ZC5qHSPZkow_iWiwWMfsBTBm08UAAoy1MRu7sXlVzjgsw6EaLK0BAAMCAAN4AAMvBA,2022-12-02T14:30:20.857Z,2023-04-06T06:44:02.348Z
1634894883,2023-04-06T14:30:00.000Z,2,,2022-12-02T14:30:20.857Z,
1638981356,2023-03-22T19:24:00.000Z,2,,2022-12-02T14:30:20.857Z,
1640951151,2023-03-31T15:44:00.000Z,2,,2022-12-02T14:30:20.857Z,
1651444357,2023-02-23T12:33:00.000Z,2,,2022-12-02T14:30:20.857Z,
1654801998,2023-03-07T19:28:00.000Z,2,,2022-12-02T14:30:20.857Z,
1666732655,2023-02-21T17:04:00.000Z,2,,2022-12-02T14:30:20.857Z,
1667990653,2023-03-28T16:15:00.000Z,2,,2022-12-02T14:30:20.857Z,
1673802388,2023-01-07T17:18:00.000Z,2,,2022-12-02T14:30:20.857Z,
1674898916,2023-05-08T15:30:32.925Z,2,138830-AgACAgUAAx0CUuHKrgABAh5OZDGIlWMQMtX7TK2D1bUlGBC6_2sAAta0MRt3cpFVleGwgKOtPSABAAMCAAN5AAMvBA,2022-12-02T14:30:20.857Z,2023-04-08T15:30:32.925Z
1687448763,2023-03-05T17:18:00.000Z,2,,2022-12-02T14:30:20.857Z,
1692346765,2023-01-21T06:54:00.000Z,2,,2022-12-02T14:30:20.857Z,
1702290144,2023-04-17T13:11:00.000Z,2,,2022-12-02T14:30:20.857Z,
1707116170,2023-03-11T19:00:00.000Z,2,,2022-12-02T14:30:20.857Z,
1719683970,2023-01-08T22:45:00.000Z,2,,2022-12-02T14:30:20.857Z,
1723577085,2023-01-19T18:22:00.000Z,2,,2022-12-02T14:30:20.857Z,
1743204358,2023-03-28T03:44:00.000Z,2,,2022-12-02T14:30:20.857Z,
1747368884,2023-04-18T00:13:00.000Z,2,,2022-12-02T14:30:20.857Z,
1748988034,2023-04-05T13:43:00.000Z,2,,2022-12-02T14:30:20.857Z,
1759669319,2023-01-07T12:44:00.000Z,2,,2022-12-02T14:30:20.857Z,
1779904415,2023-03-01T08:29:00.000Z,2,,2022-12-02T14:30:20.857Z,
1801636215,2023-04-05T04:34:00.000Z,2,,2022-12-02T14:30:20.857Z,
1803889825,2023-04-15T19:39:00.000Z,2,,2022-12-02T14:30:20.857Z,
1805202100,2023-01-06T14:45:00.000Z,2,,2022-12-02T14:30:20.857Z,
1838592980,2023-01-20T13:44:00.000Z,2,,2022-12-02T14:30:20.857Z,
1839566702,2023-05-06T06:42:32.920Z,2,138608-AgACAgUAAx0CUuHKrgABAh1wZC5p1Y_ecEUnYXP-FULcnwoNeLgAAvKzMRvK9XBVnJakQ_NlkegBAAMCAAN4AAMvBA,2022-12-02T14:30:20.857Z,2023-04-06T06:42:32.920Z
1856465958,2023-03-20T17:15:00.000Z,2,,2022-12-02T14:30:20.857Z,
1857356692,2023-02-03T17:55:00.000Z,2,,2022-12-02T14:30:20.857Z,
1857680717,2023-04-22T04:50:00.000Z,2,,2022-12-02T14:30:20.857Z,
1858626484,2023-02-02T15:08:00.000Z,2,,2022-12-02T14:30:20.857Z,
1859214544,2023-04-18T02:39:00.000Z,2,,2022-12-02T14:30:20.857Z,
1861585809,2023-04-26T17:37:47.215Z,2,137943-AgACAgUAAx0CUuHKrgABAhrXZCCC6N3YuA1BnRTNkYg9Tw7bOL8AAne2MRtohgABVYbvzWg9W2ZjAQADAgADeQADLwQ,2022-12-02T14:30:20.857Z,
1871505128,2023-04-03T18:35:00.000Z,2,,2022-12-02T14:30:20.857Z,
1878508058,2023-01-07T12:44:00.000Z,2,,2022-12-02T14:30:20.857Z,
1884076129,2023-01-03T21:02:00.000Z,2,,2022-12-02T14:30:20.857Z,
1886141451,2023-03-08T00:35:00.000Z,2,,2022-12-02T14:30:20.857Z,
1917583630,2023-05-07T17:25:28.639Z,2,138756-AgACAgUAAx0CUuHKrgABAh4EZDBSBXJGf3UuBivSvchbq9_ejT8AAlK1MRvocIBVMNHKxoZOUY8BAAMCAAN5AAMvBA,2022-12-02T14:30:20.857Z,2023-04-07T17:25:28.640Z
1922266691,2023-04-11T10:25:00.000Z,2,,2022-12-02T14:30:20.857Z,
1926347381,2023-05-04T20:57:18.408Z,2,138573-AgACAgUAAx0CUuHKrgABAh1NZCyPKm2cs1o-A8ah2jtDZQF6OlYAAtS0MRv-SGhVBr04whxEHSUBAAMCAAN5AAMvBA,2022-12-02T14:30:20.857Z,2023-04-04T20:57:18.408Z
1928709128,2023-04-28T09:06:39.658Z,2,138074-AgACAgUAAx0CUuHKrgABAhtaZCKuHSxVKdY-Q5jwYZebu5yy74IAApq1MRs8exBVLVPyI_o4DggBAAMCAAN5AAMvBA,2022-12-02T14:30:20.857Z,
1930971434,2023-04-21T13:54:00.000Z,2,,2022-12-02T14:30:20.857Z,
1946411739,2023-01-18T06:42:00.000Z,2,,2022-12-02T14:30:20.857Z,
1947777492,2023-05-05T09:11:27.563Z,2,138596-AgACAgUAAx0CUuHKrgABAh1kZC07PfA-yRA6FTDEtZV8eWuWAQsAAmu1MRux82hVIRr6mH_LiDoBAAMCAAN5AAMvBA,2022-12-02T14:30:20.857Z,2023-04-05T09:11:27.563Z
1959487259,2023-01-12T18:40:00.000Z,2,,2022-12-02T14:30:20.857Z,
1960903154,2023-02-15T11:31:00.000Z,2,,2022-12-02T14:30:20.857Z,
1963136928,2023-01-13T21:59:00.000Z,2,,2022-12-02T14:30:20.857Z,
1966180892,2023-02-17T10:39:00.000Z,2,,2022-12-02T14:30:20.857Z,
1968773070,2023-02-14T11:31:00.000Z,2,,2022-12-02T14:30:20.857Z,
1974062335,2023-03-11T11:58:00.000Z,2,,2022-12-02T14:30:20.857Z,
2012157948,2023-03-13T00:14:00.000Z,2,,2022-12-02T14:30:20.857Z,
2033932156,2023-04-10T22:53:00.000Z,2,,2022-12-02T14:30:20.857Z,
2040541864,2023-01-15T14:23:00.000Z,2,,2022-12-02T14:30:20.857Z,
2045747535,2023-03-02T05:34:00.000Z,2,,2022-12-02T14:30:20.857Z,
2051404480,2023-01-03T20:06:00.000Z,2,,2022-12-02T14:30:20.857Z,
2068559914,2023-05-08T09:23:37.035Z,2,138810-AgACAgUAAx0CUuHKrgABAh46ZDEyllJ7jkEeuJfyBGaYHERrmd0AAgi3MRunxYlVt3wNb0PCG8kBAAMCAAN5AAMvBA,2022-12-02T14:30:20.857Z,2023-04-08T09:23:37.036Z
2072036053,2023-04-23T01:15:00.000Z,2,,2022-12-02T14:30:20.857Z,
2077462533,2023-01-22T10:31:00.000Z,2,,2022-12-02T14:30:20.857Z,
2083898183,2023-04-16T23:00:00.000Z,2,,2022-12-02T14:30:20.857Z,
2106353061,2023-05-02T22:11:41.200Z,2,138468-AgACAgUAAx0CUuHKrgABAhzkZCn9mxDI6U1OlFwU-fJxKVHWCOwAAlm7MRsYuVBVx4klASylDGwBAAMCAAN5AAMvBA,2022-12-02T14:30:20.857Z,2023-04-02T22:11:41.200Z
2115011716,2023-02-05T15:07:00.000Z,2,,2022-12-02T14:30:20.857Z,
2136672985,2023-01-10T14:21:00.000Z,2,,2022-12-02T14:30:20.857Z,
2144416228,2023-02-16T19:31:00.000Z,2,,2022-12-02T14:30:20.857Z,
2146968329,2023-02-28T03:29:00.000Z,2,,2022-12-02T14:30:20.857Z,
5010547188,2023-05-10T04:22:42.979Z,2,138928-AgACAgUAAx0CUuHKrgABAh6wZDOPDyY6fLen8b4K-oc_Lb0kiHcAAl-1MRsHJaFV2iyBXQZYnooBAAMCAAN5AAMvBA,2022-12-02T14:30:20.857Z,2023-04-10T04:22:42.980Z
5035513003,2023-04-19T19:05:00.000Z,2,,2022-12-02T14:30:20.857Z,
5036313356,2023-05-03T18:41:32.595Z,2,138527-AgACAgUAAx0CUuHKrgABAh0fZCsd2j5EQWS0JmqJJqmvvDe3OWEAAge3MRsu8llVlj_zjxqn6_IBAAMCAAN5AAMvBA,2022-12-02T14:30:20.857Z,2023-04-03T18:41:32.595Z
5049507523,2023-03-21T18:19:00.000Z,2,,2022-12-02T14:30:20.857Z,
5076769022,2023-07-11T15:18:00.000Z,2,,2022-12-02T14:30:20.857Z,
5078209684,2023-05-17T14:50:00.000Z,2,,2022-12-02T14:30:20.857Z,
5082432800,2023-01-13T16:37:00.000Z,2,,2022-12-02T14:30:20.857Z,
5090705226,2023-05-08T15:29:21.563Z,2,138820-AgACAgUAAx0CUuHKrgABAh5EZDGITvbAdvYquUDG4p2EyPkqX_gAAke5MRu2yJBVOXcG552qQiUBAAMCAAN5AAMvBA,2022-12-02T14:30:20.857Z,2023-04-08T15:29:21.564Z
5097555577,2023-04-01T14:21:00.000Z,2,,2022-12-02T14:30:20.857Z,
5099529601,2023-02-07T23:03:00.000Z,2,,2022-12-02T14:30:20.857Z,
5112617090,2023-04-23T13:35:00.000Z,2,,2022-12-02T14:30:20.857Z,
5119118381,2023-05-06T06:45:36.765Z,2,138622-AgACAgIAAx0CUuHKrgABAh1-ZC5qf4X0GT4zWdtxLhjlxTcm_cUAAuPHMRvJrnBJQZEzjzb9IeoBAAMCAAN4AAMvBA,2022-12-02T14:30:20.857Z,2023-04-06T06:45:36.765Z
5147147529,2023-01-18T13:28:00.000Z,2,,2022-12-02T14:30:20.857Z,
5159859388,2023-04-29T14:41:57.408Z,2,138130-AgACAgUAAx0CUuHKrgABAhuSZCROM8bcRH3C5XoJQh0ye15ykxAAAoezMRuNtSFVYOghIx48_kEBAAMCAAN4AAMvBA,2022-12-02T14:30:20.857Z,
5170793070,2023-05-05T13:43:00.000Z,2,,2022-12-02T14:30:20.857Z,
5197921555,2023-05-08T02:37:38.402Z,2,138792-AgACAgUAAx0CUuHKrgABAh4oZDDTbgRSF3se0AzgN_aDN2Bftj0AAhy3MRsczIhVBl39UkThv9gBAAMCAAN5AAMvBA,2022-12-02T14:30:20.857Z,2023-04-08T02:37:38.403Z
5237207155,2023-04-05T01:19:00.000Z,2,,2022-12-02T14:30:20.857Z,
5241123430,2023-03-05T14:16:00.000Z,2,,2022-12-02T14:30:20.857Z,
5241188484,2023-03-17T21:19:00.000Z,2,,2022-12-02T14:30:20.857Z,
5246253315,2023-04-15T16:00:00.000Z,2,,2022-12-02T14:30:20.857Z,
5247312450,2023-01-25T20:04:00.000Z,2,,2022-12-02T14:30:20.857Z,
5252300008,2023-05-18T18:01:00.000Z,2,,2022-12-02T14:30:20.857Z,
5267048228,2023-02-06T12:47:00.000Z,2,,2022-12-02T14:30:20.857Z,
5267050350,2023-02-13T10:35:00.000Z,2,,2022-12-02T14:30:20.857Z,
5267085786,2023-04-04T11:11:00.000Z,2,,2022-12-02T14:30:20.857Z,
5275698001,2023-03-31T23:47:00.000Z,2,,2022-12-02T14:30:20.857Z,
5338460430,2023-04-11T13:55:00.000Z,2,,2022-12-02T14:30:20.857Z,
5379110859,2023-03-29T00:36:00.000Z,2,,2022-12-02T14:30:20.857Z,
5384209030,2023-04-14T16:45:00.000Z,2,,2022-12-02T14:30:20.857Z,
5386777051,2023-01-16T18:41:00.000Z,2,,2022-12-02T14:30:20.857Z,
5396328943,2023-10-03T19:32:00.000Z,2,,2022-12-02T14:30:20.857Z,
5396377730,2023-02-08T02:08:00.000Z,2,,2022-12-02T14:30:20.857Z,
5419727910,2023-01-20T13:44:00.000Z,2,,2022-12-02T14:30:20.857Z,
5454266078,2023-04-13T12:52:00.000Z,2,,2022-12-02T14:30:20.857Z,
5476699094,2023-03-08T14:14:00.000Z,2,,2022-12-02T14:30:20.857Z,
5476916719,2023-03-05T20:03:00.000Z,2,,2022-12-02T14:30:20.857Z,
5481485733,2023-04-18T15:06:00.000Z,2,,2022-12-02T14:30:20.857Z,
5486241824,2023-03-07T10:35:00.000Z,2,,2022-12-02T14:30:20.857Z,
5507660563,2023-04-13T23:23:00.000Z,2,,2022-12-02T14:30:20.857Z,
5512963391,2023-01-25T16:53:00.000Z,2,,2022-12-02T14:30:20.857Z,
5520185229,2023-02-13T10:35:00.000Z,2,,2022-12-02T14:30:20.857Z,
5529209610,2023-04-08T23:07:00.000Z,2,,2022-12-02T14:30:20.857Z,
5532589349,2023-01-23T05:33:00.000Z,2,,2022-12-02T14:30:20.857Z,
5545932849,2023-02-03T18:53:00.000Z,2,,2022-12-02T14:30:20.857Z,
5548364588,2023-03-14T06:01:00.000Z,2,,2022-12-02T14:30:20.857Z,
5577322422,2023-04-30T07:13:23.414Z,2,138156-AgACAgUAAx0CUuHKrgABAhusZCU2kGWTWAm9ZvOHX2_F-3SdZz0AAhe4MRsRTihVmsQ3NJ2Lc6oBAAMCAAN5AAMvBA,2022-12-02T14:30:20.857Z,
5587049103,2023-03-23T13:48:00.000Z,2,,2022-12-02T14:30:20.857Z,
5592241809,2023-04-30T00:09:47.999Z,2,138182-AgACAgUAAx0CUuHKrgABAhvGZCYkyJtSjuiR45vJWC9JCn_DoTMAAu23MRupDjBV9wuFR8-k4asBAAMCAAN5AAMvBA,2022-12-02T14:30:20.857Z,
5592786971,2023-02-04T14:02:00.000Z,2,,2022-12-02T14:30:20.857Z,
5601281911,2023-04-22T14:04:00.000Z,2,,2022-12-02T14:30:20.857Z,
5617162437,2023-05-03T21:00:24.545Z,2,138531-AgACAgUAAx0CUuHKrgABAh0jZCs-Y8AP7UVe1SH_u6VtLP99jRkAApm1MRv0UGBV1Y0XDox77b4BAAMCAAN5AAMvBA,2022-12-02T14:30:20.857Z,2023-04-03T21:00:24.545Z
5619744399,2023-02-25T17:44:00.000Z,2,,2022-12-02T14:30:20.857Z,
5626798589,2023-03-28T08:48:00.000Z,2,,2022-12-02T14:30:20.857Z,
5629951923,2023-04-03T16:54:00.000Z,2,,2022-12-02T14:30:20.857Z,
5638950696,2023-01-03T19:03:00.000Z,2,,2022-12-02T14:30:20.857Z,
5648461094,2023-05-07T15:11:16.263Z,2,138736-AgACAgUAAx0CUuHKrgABAh3wZDAykOBQfd28KdEzyE6JuoZ84OUAAo63MRsNrYFVrfyweASZL1cBAAMCAAN4AAMvBA,2022-12-02T14:30:20.857Z,2023-04-07T15:11:16.264Z
5654025480,2023-01-18T08:01:00.000Z,2,,2022-12-02T14:30:20.857Z,
5654774531,2023-01-12T23:23:00.000Z,2,,2022-12-02T14:30:20.857Z,
5667379232,2023-02-28T12:42:00.000Z,2,,2022-12-02T14:30:20.857Z,
5667846460,2023-03-19T16:39:00.000Z,2,,2022-12-02T14:30:20.857Z,
5673949144,2023-01-09T13:14:00.000Z,2,,2022-12-02T14:30:20.857Z,
5677529834,2023-02-08T12:52:00.000Z,2,,2022-12-02T14:30:20.857Z,
5696644772,2023-04-22T20:44:00.000Z,2,,2022-12-02T14:30:20.857Z,
5702984466,2023-04-06T13:35:00.000Z,2,,2022-12-02T14:30:20.857Z,
5705507599,2023-04-02T17:58:00.000Z,2,,2022-12-02T14:30:20.857Z,
5706608847,2023-05-04T07:38:15.828Z,2,138537-AgACAgUAAx0CUuHKrgABAh0pZCvT4yFbk8EmufefbsDqoV-p4O4AAtOzMRvIbWBVb2ghxLGp2FMBAAMCAAN5AAMvBA,2022-12-02T14:30:20.857Z,2023-04-04T07:38:15.829Z
5715308602,2023-01-06T05:49:00.000Z,2,,2022-12-02T14:30:20.857Z,
5726405572,2023-03-04T13:22:00.000Z,2,,2022-12-02T14:30:20.857Z,
5744795149,2023-01-03T21:02:00.000Z,2,,2022-12-02T14:30:20.857Z,
5755729789,2023-03-10T17:39:00.000Z,2,,2022-12-02T14:30:20.857Z,
5761795187,2023-04-24T15:49:00.000Z,2,,2022-12-02T14:30:20.857Z,
5766998760,2023-04-03T00:37:00.000Z,2,,2022-12-02T14:30:20.857Z,
5798642652,2023-02-16T11:46:00.000Z,2,,2022-12-02T14:30:20.857Z,
5801351093,2023-02-06T00:27:00.000Z,2,,2022-12-02T14:30:20.857Z,
5809053571,2023-01-07T12:44:00.000Z,2,,2022-12-02T14:30:20.857Z,
5830367101,2023-01-31T15:18:00.000Z,2,,2022-12-02T14:30:20.857Z,
5830505436,2023-02-06T07:30:00.000Z,2,,2022-12-02T14:30:20.857Z,
5833311594,2023-04-22T13:48:00.000Z,2,,2022-12-02T14:30:20.857Z,
5840699097,2023-04-04T21:33:00.000Z,2,,2022-12-02T14:30:20.857Z,
5850097208,2023-04-02T23:20:00.000Z,2,,2022-12-02T14:30:20.857Z,
5870545209,2023-03-13T17:04:00.000Z,2,,2022-12-02T14:30:20.857Z,
5896533459,2023-04-11T14:02:00.000Z,2,,2022-12-02T14:30:20.857Z,
5899670085,2023-03-28T14:23:00.000Z,2,,2022-12-02T14:30:20.857Z,
5899826056,2023-03-11T19:13:00.000Z,2,,2022-12-02T14:30:20.857Z,
5904171941,2023-04-18T13:44:00.000Z,2,,2022-12-02T14:30:20.857Z,
5918451436,2023-01-11T22:34:00.000Z,2,,2022-12-02T14:30:20.857Z,
5922478431,2023-03-11T17:43:00.000Z,2,,2022-12-02T14:30:20.857Z,
5935381002,2023-03-28T23:13:00.000Z,2,,2022-12-02T14:30:20.857Z,
5955655787,2023-02-03T13:23:00.000Z,2,,2022-12-02T14:30:20.857Z,
5979142770,2023-03-18T18:02:00.000Z,2,,2022-12-02T14:30:20.857Z,
6003017419,2023-04-25T17:57:00.000Z,2,,2022-12-02T14:30:20.857Z,
1310252132,2023-04-24T03:53:00.000Z,2,,2022-12-02T14:30:20.857Z,
1927619597,2023-04-24T16:03:00.000Z,2,,2022-12-02T14:30:20.857Z,
612658047,2023-04-25T00:21:00.000Z,2,,2022-12-02T14:30:20.857Z,
1338991249,2023-04-25T02:59:00.000Z,2,,2022-12-02T14:30:20.857Z,
489831784,2023-04-25T09:14:00.000Z,2,,2022-12-02T14:30:20.857Z,
5046894887,2023-04-25T13:47:00.000Z,2,,2022-12-02T14:30:20.857Z,
236205726,2312-05-26T14:32:14.219Z,2,3311400-,2023-03-26T14:32:14.219Z,2023-03-26T14:32:14.219Z
173953299,2023-04-26T15:06:45.867Z,2,137927-AgACAgUAAx0CUuHKrgABAhrHZCBfg9e5uImgrZsy6DtAl3xv4FAAAsu0MRtsmAFVCjVh1IpYOnABAAMCAAN5AAMvBA,2023-03-26T15:06:45.867Z,2023-03-26T15:06:45.867Z
696097133,2023-04-26T15:30:20.568Z,2,137933-AgACAgUAAx0CUuHKrgABAhrNZCBlCXsMHSlM9aAn4btXbS20lqoAAgu6MRvXGwABVaFIEWXVKFmUAQADAgADeQADLwQ,2023-03-26T15:30:20.568Z,2023-03-26T15:30:20.568Z
873208897,2023-04-26T04:10:00.809Z,2,137975-AgACAgUAAx0CUuHKrgABAhr3ZCE2uFfpljro0sZAwmg7W1qO3pIAAqy1MRtTmQhVR39jYS3nBbABAAMCAAN4AAMvBA,2023-03-27T04:10:00.809Z,2023-03-27T04:10:00.809Z
5465621211,2023-04-27T06:30:20.126Z,2,138007-AgACAgUAAx0CUuHKrgABAhsXZCE3-eUDitOxV9yxseq5TXmU7c0AAmuzMRvZyQhVBXHHweNiuEUBAAMCAAN5AAMvBA,2023-03-27T06:30:20.126Z,2023-03-27T06:30:20.126Z
692289683,2023-04-27T08:53:48.502Z,2,138021-AgACAgUAAx0CUuHKrgABAhslZCFZmhBY_TDS7kNkWnG2b2B7zdoAAiy0MRsjrwlVxhvBj_gfDbkBAAMCAAN4AAMvBA,2023-03-27T08:53:48.503Z,2023-03-27T08:53:48.503Z
1097463853,2023-04-27T13:21:40.544Z,2,138028-AgACAgUAAx0CUuHKrgABAhssZCGYYUy3MFzM8vSlmTmUq1KN67oAAuu0MRtxbAlVsiRXCPtZexwBAAMCAAN5AAMvBA,2023-03-27T13:21:40.544Z,2023-03-27T13:21:40.544Z
5951194102,2023-04-28T05:29:58.103Z,2,138042-AgACAgUAAx0CUuHKrgABAhs6ZCJ7UlnQesRKvFFWN8o03Ca62esAAhO3MRtFaxBVOZu9jJKyn-cBAAMCAAN5AAMvBA,2023-03-28T05:29:58.103Z,2023-03-28T05:29:58.103Z
867507183,2023-04-28T11:56:01.110Z,2,138088-AgACAgUAAx0CUuHKrgABAhtoZCLVznha07d_09rpNk_X4CGRX9sAAu63MRtcVhFV6asLbZplpOYBAAMCAAN5AAMvBA,2023-03-28T11:56:01.110Z,2023-03-28T11:56:01.110Z
1242510923,2023-04-29T06:47:29.537Z,2,138113-AgACAgUAAx0CUuHKrgABAhuBZCQDMpI3m73WiupK07b8c81yrvIAAle2MRuHviFVjB-sMpHf-IoBAAMCAAN4AAMvBA,2023-03-29T06:47:29.537Z,2023-03-29T06:47:29.537Z
6018309745,2023-04-29T11:41:55.603Z,2,138125-AgACAgUAAx0CUuHKrgABAhuNZCQkARHmsIw3VXQ-B1c-b6ErQtwAAlC2MRvFryFVlnivBAps0j8BAAMCAAN5AAMvBA,2023-03-29T11:41:55.603Z,2023-03-29T11:41:55.603Z
1088813698,2023-04-29T22:12:53.099Z,2,138143-AgACAgUAAx0CUuHKrgABAhufZCS34kj3sIjGs2_6tMKHnhqkgG0AAjO1MRtyNyhVdmR-auQ9fXkBAAMCAAN5AAMvBA,2023-03-29T22:12:53.099Z,2023-03-29T22:12:53.099Z
5197547806,2023-04-30T07:47:58.843Z,2,138160-AgACAgUAAx0CUuHKrgABAhuwZCU-rKyFCTziW48Rj3jCHKQ8nrsAAsG1MRsV-ShVLFWJQnANL70BAAMCAAN5AAMvBA,2023-03-30T07:47:58.843Z,2023-03-30T07:47:58.843Z
515778556,2023-04-30T16:41:31.183Z,2,138172-AgACAgUAAx0CUuHKrgABAhu8ZCW7t2dMxwVRX_P0re2_qyG8R_oAAhK2MRsGZDBVhDmvO-VIHRIBAAMCAAN5AAMvBA,2023-03-30T16:41:31.183Z,2023-03-30T16:41:31.183Z
1150605688,2023-04-30T23:57:28.421Z,2,138223-AgACAgUAAx0CUuHKrgABAhvvZCdzZVwtSthI-NOFtK9zEqlgWAMAAsu3MRv3rEFVHHOTpGhkMmQBAAMCAAN5AAMvBA,2023-03-31T23:57:28.421Z,2023-03-31T23:57:28.421Z
5579998633,2023-05-01T03:25:45.014Z,2,138235-AgACAgUAAx0CUuHKrgABAhv7ZCekNjSWbdJYvtf-3SBYZSoqFpYAAoi1MRu0lkBVGgNS-Mi0NyQBAAMCAAN5AAMvBA,2023-04-01T03:25:45.014Z,2023-04-01T03:25:45.014Z
645188450,2023-05-01T04:26:10.580Z,2,138239-AgACAgUAAx0CUuHKrgABAhv_ZCeyX1c0ncHjmLfEx0AFuwtKu8MAAqe3MRvpaEFVfxvc3Kd2UfIBAAMCAAN5AAMvBA,2023-04-01T04:26:10.580Z,2023-04-01T04:26:10.580Z
5604199549,2023-05-01T05:56:50.325Z,2,138247-AgACAgUAAx0CUuHKrgABAhwHZCfHoK5Zsr4dYTihxSWy8s2dR5IAAm62MRsHQEBVxbJWFN9A5EoBAAMCAAN5AAMvBA,2023-04-01T05:56:50.325Z,2023-04-01T05:56:50.325Z
1363250729,2023-05-01T15:27:19.156Z,2,138263-AgACAgUAAx0CUuHKrgABAhwXZChNVKAdKacReQABPbrjQDR_yzupAAKLtTEbnqxAVTVYg6NmlVhFAQADAgADeQADLwQ,2023-04-01T15:27:19.156Z,2023-04-01T15:27:19.156Z
982701353,2023-05-01T15:40:53.413Z,2,138267-AgACAgUAAx0CUuHKrgABAhwbZChQg8hq92s5ZVyKXwWpJ_ygHgcAAjq4MRtiw0BVoouVll_WQOIBAAMCAAN5AAMvBA,2023-04-01T15:40:53.414Z,2023-04-01T15:40:53.414Z
1859257390,2023-05-01T15:47:30.358Z,2,138271-AgACAgUAAx0CUuHKrgABAhwfZChSD8mZ5qZbFO7YPBDF-BI7f0EAAqa1MRtTv0FVs2Q3DV7yNZsBAAMCAAN5AAMvBA,2023-04-01T15:47:30.358Z,2023-04-01T15:47:30.358Z
156676177,2023-09-01T18:36:10.665Z,2,138399-AgACAgUAAx0CUuHKrgABAhyfZCh5mHxxRz7pAtXoilQjvfuW2zoAAoO1MRvxpUFVSkC9Jzzpx54BAAMCAAN3AAMvBA,2023-04-01T18:36:10.665Z,2023-04-01T18:36:10.665Z
5025899988,2023-05-02T07:01:35.118Z,2,138432-AgACAgUAAx0CUuHKrgABAhzAZCkoOdXEJ-ZT-Hr-8iNLRxrRKoAAAj-zMRuY4UlV-arFeFEZTgsBAAMCAAN4AAMvBA,2023-04-02T07:01:35.118Z,2023-04-02T07:01:35.118Z
1320970020,2023-05-02T07:24:46.314Z,2,138445-AgACAgUAAx0CUuHKrgABAhzNZCktvGe4HyML3ZoavNja2EmFOScAAva2MRva30lVhfs0t9zToH8BAAMCAAN5AAMvBA,2023-04-02T07:24:46.314Z,2023-04-02T07:24:46.314Z
848560314,2023-05-02T16:56:13.691Z,2,138458-AgACAgUAAx0CUuHKrgABAhzaZCmzqgGq7QYHYrXtnCq6ff4DzOoAAlu1MRv7DVFVrAMYGRHMrW4BAAMCAAN5AAMvBA,2023-04-02T16:56:13.691Z,2023-04-02T16:56:13.691Z
259627379,2023-05-03T00:46:57.551Z,2,138474-AgACAgUAAx0CUuHKrgABAhzqZCoh_k1Fe47X-jga-TStEpzAESwAArS1MRvi71hVfTUuiGVfGycBAAMCAAN5AAMvBA,2023-04-03T00:46:57.551Z,2023-04-03T00:46:57.551Z
1243262696,2023-05-03T07:56:20.892Z,2,138485-AgACAgUAAx0CUuHKrgABAhz1ZCqGo_lGvA-H2_8oTN1XdLztzOoAAle1MRvHH1BVuxXrZT0ozykBAAMCAAN5AAMvBA,2023-04-03T07:56:20.892Z,2023-04-03T07:56:20.892Z
1832755670,2023-05-03T12:55:59.111Z,2,138519-AgACAgUAAx0CUuHKrgABAh0XZCrM23mbk8N0r5b31pYbUJdSOBMAAse0MRthdFlV1Q5B8BU0YPMBAAMCAAN4AAMvBA,2023-04-03T12:55:59.111Z,2023-04-03T12:55:59.111Z
1375822370,2023-05-03T18:20:44.971Z,2,138523-AgACAgUAAx0CUuHKrgABAh0bZCsY-Ra_amGz2KmHfeZUwHfziJgAAny1MRusHFhVJqIGOL5AIc0BAAMCAAN4AAMvBA,2023-04-03T18:20:44.971Z,2023-04-03T18:20:44.971Z
1605853712,2023-05-04T17:12:50.905Z,2,138559-AgACAgUAAx0CUuHKrgABAh0_ZCxakEczYqKtshYdNdqiYB-uT_sAAi62MRuxe2BVqI2wKPG5uHYBAAMCAAN5AAMvBA,2023-04-04T17:12:50.906Z,2023-04-04T17:12:50.906Z
5530955152,2023-05-06T09:52:58.053Z,2,138655-AgACAgUAAx0CUuHKrgABAh2fZC6Wd-ZDNdpnuSwAAUDierlUCfgxAAI3tjEb4jVwVcn7P2sQ1sEkAQADAgADeQADLwQ,2023-04-06T09:52:58.053Z,2023-04-06T09:52:58.053Z
1927126687,2023-05-06T12:08:38.869Z,2,138663-AgACAgUAAx0CUuHKrgABAh2nZC62QxxIHyxFUmUYpDNPvRJ2SGwAAtq1MRuQ4nlVBGkP4RF-UrIBAAMCAAN5AAMvBA,2023-04-06T12:08:38.870Z,2023-04-06T12:08:38.870Z
998467779,2023-05-06T13:15:24.065Z,2,138667-AgACAgUAAx0CUuHKrgABAh2rZC7F6T5sRp79POCLB7MVK7Y4VvEAAnq5MRsdUHhViJ4pEgTv3EEBAAMCAAN5AAMvBA,2023-04-06T13:15:24.065Z,2023-04-06T13:15:24.065Z
591153770,2023-05-06T19:19:55.396Z,2,138677-AgACAgUAAx0CUuHKrgABAh21ZC8bVWewVI1DyIfFwtBxtTx8mAIAAka1MRu19XlVZ8PNcR5va8MBAAMCAAN5AAMvBA,2023-04-06T19:19:55.396Z,2023-04-06T19:19:55.396Z
1371795891,2023-05-08T07:22:18.463Z,2,138806-AgACAgUAAx0CUuHKrgABAh42ZDEWJQ5nBQr0MwWc-3T6zBr0vkkAAsq1MRsHQpBV7v3_m28BpkEBAAMCAAN5AAMvBA,2023-04-08T07:22:18.463Z,2023-04-08T07:22:18.463Z
5535684029,2023-05-08T15:30:06.720Z,2,138828-AgACAgUAAx0CUuHKrgABAh5MZDGIfB6bFAbFHks0Ssr4s_Uf6qUAApa0MRvUB4hVyYWbRC6_YE4BAAMCAAN3AAMvBA,2023-04-08T15:30:06.720Z,2023-04-08T15:30:06.720Z
1369652309,2023-05-08T15:30:50.960Z,2,138832-AgACAgUAAx0CUuHKrgABAh5QZDGIpdHmNmSthQsm_QxPaGqx1kMAAt20MRvgVohVKWgZbPV6n-YBAAMCAAN5AAMvBA,2023-04-08T15:30:50.960Z,2023-04-08T15:30:50.960Z
1001155110,2023-05-08T15:31:08.973Z,2,138834-AgACAgUAAx0CUuHKrgABAh5SZDGIuDMBVG2p6rM5XpJ9EGxhHzgAAgO1MRtb4pBVQGo2OxOBMlABAAMCAAN5AAMvBA,2023-04-08T15:31:08.973Z,2023-04-08T15:31:08.973Z
1132726638,2023-05-08T21:26:18.347Z,2,138862-AgACAgUAAx0CUuHKrgABAh5uZDHb95VFPtR9Xs0Uxpohf8J4LlcAAkq2MRtngJBVzKoJkqGdY1EBAAMCAAN5AAMvBA,2023-04-08T21:26:18.348Z,2023-04-08T21:26:18.348Z
6125841705,2023-05-09T14:09:13.959Z,2,138900-AgACAgUAAx0CUuHKrgABAh6UZDLHB-IayLUyvmQO4r8vmCYO6pYAAtu5MRtoXpBVJz3imh32idwBAAMCAAN5AAMvBA,2023-04-09T14:09:13.959Z,2023-04-09T14:09:13.959Z
1635236200,2023-05-10T01:14:47.086Z,2,138918-AgACAgUAAx0CUuHKrgABAh6mZDNjBJBsMC50yNJFjlCDK2E_8osAAie2MRsV8phVAAHQw4JTC6BKAQADAgADeQADLwQ,2023-04-10T01:14:47.086Z,2023-04-10T01:14:47.086Z
906477961,2023-05-10T02:40:41.013Z,2,138924-AgACAgUAAx0CUuHKrgABAh6sZDN3JXFqnpTrPH5gLY5hlZPaxLMAAgq3MRt2uJlVtCjn7CkAAbNKAQADAgADeQADLwQ,2023-04-10T02:40:41.013Z,2023-04-10T02:40:41.013Z
933630141,2023-05-10T13:42:56.088Z,2,138962-AgACAgUAAx0CUuHKrgABAh7SZDQSXfpGu9JU7fgAAaN7KlasftxtAALJtTEbekqhVbvwq7wi7GjxAQADAgADeQADLwQ,2023-04-10T13:42:56.088Z,2023-04-10T13:42:56.088Z
5096326029,2023-05-10T16:28:31.727Z,2,138978-AgACAgUAAx0CUuHKrgABAh7iZDQ5LVOmZ-gKkJFnBkocSAEBIFcAAsyzMRtMkKBVLod90FQQHBsBAAMCAAN5AAMvBA,2023-04-10T16:28:31.727Z,2023-04-10T16:28:31.727Z
